,alias,categories,coordinates,display_phone,distance,id,image_url,is_closed,location,name,phone,price,rating,review_count,transactions,url
0,ludlow-fitness-new-york,"[{'alias': 'gyms', 'title': 'Gyms'}]","{'latitude': 40.719078, 'longitude': -73.988662}",(212) 260-9222,1588.8263768388745,93QbRHjAup3Eq2vGipgi0Q,https://s3-media4.fl.yelpcdn.com/bphoto/YftyMCpCDPTglKInLK3yCg/o.jpg,False,"{'address1': '100 Delancey St', 'address2': '', 'address3': '', 'city': 'New York', 'zip_code': '10002', 'country': 'US', 'state': 'NY', 'display_address': ['100 Delancey St', 'New York, NY 10002']}",Ludlow Fitness,+12122609222,,4.5,123,[],https://www.yelp.com/biz/ludlow-fitness-new-york?adjust_creative=nrwhBB5NFpHGRybeuXYJeA&utm_campaign=yelp_api_v3&utm_medium=api_v3_business_search&utm_source=nrwhBB5NFpHGRybeuXYJeA
1,brooklyn-athletic-club-brooklyn,"[{'alias': 'gyms', 'title': 'Gyms'}, {'alias': 'healthtrainers', 'title': 'Trainers'}, {'alias': 'yoga', 'title': 'Yoga'}]","{'latitude': 40.7221684, 'longitude': -73.9554244}",(718) 486-6929,3766.9720507244597,ZCeeP48lmI3kmvDAQnoy-g,https://s3-media2.fl.yelpcdn.com/bphoto/fzoY8oK5_9lUbn8lPsIm_g/o.jpg,False,"{'address1': '8 Berry St', 'address2': '', 'address3': '', 'city': 'Brooklyn', 'zip_code': '11249', 'country': 'US', 'state': 'NY', 'display_address': ['8 Berry St', 'Brooklyn, NY 11249']}",Brooklyn Athletic Club,+17184866929,,4.5,49,[],https://www.yelp.com/biz/brooklyn-athletic-club-brooklyn?adjust_creative=nrwhBB5NFpHGRybeuXYJeA&utm_campaign=yelp_api_v3&utm_medium=api_v3_business_search&utm_source=nrwhBB5NFpHGRybeuXYJeA
2,harbor-fitness-brooklyn-5,"[{'alias': 'gyms', 'title': 'Gyms'}, {'alias': 'yoga', 'title': 'Yoga'}, {'alias': 'cyclingclasses', 'title': 'Cycling Classes'}]","{'latitude': 40.6660612, 'longitude': -73.9897763}",(718) 965-6200,4395.789128970267,QoJkq15vmAbTurjBfcjHpw,https://s3-media1.fl.yelpcdn.com/bphoto/1wuTfpwQV5dflTC3Bn5Icg/o.jpg,False,"{'address1': '191 15th St', 'address2': '', 'address3': '', 'city': 'Brooklyn', 'zip_code': '11215', 'country': 'US', 'state': 'NY', 'display_address': ['191 15th St', 'Brooklyn, NY 11215']}",Harbor Fitness,+17189656200,,4.5,163,[],https://www.yelp.com/biz/harbor-fitness-brooklyn-5?adjust_creative=nrwhBB5NFpHGRybeuXYJeA&utm_campaign=yelp_api_v3&utm_medium=api_v3_business_search&utm_source=nrwhBB5NFpHGRybeuXYJeA
3,chalk-gyms-brooklyn,"[{'alias': 'gyms', 'title': 'Gyms'}, {'alias': 'healthtrainers', 'title': 'Trainers'}]","{'latitude': 40.718447103232, 'longitude': -73.9554278556127}",(718) 486-0630,3580.6497162911805,A0I9yKu_hogweqQjXEtsMg,https://s3-media3.fl.yelpcdn.com/bphoto/VNvvM3-Uu26g6PGRJ8hiPA/o.jpg,False,"{'address1': '193 N 9th St', 'address2': '', 'address3': '', 'city': 'Brooklyn', 'zip_code': '11211', 'country': 'US', 'state': 'NY', 'display_address': ['193 N 9th St', 'Brooklyn, NY 11211']}",Chalk Gyms,+17184860630,,4.5,119,[],https://www.yelp.com/biz/chalk-gyms-brooklyn?adjust_creative=nrwhBB5NFpHGRybeuXYJeA&utm_campaign=yelp_api_v3&utm_medium=api_v3_business_search&utm_source=nrwhBB5NFpHGRybeuXYJeA
4,completebody-new-york-2,"[{'alias': 'healthtrainers', 'title': 'Trainers'}, {'alias': 'gyms', 'title': 'Gyms'}, {'alias': 'juicebars', 'title': 'Juice Bars & Smoothies'}]","{'latitude': 40.704360666845, 'longitude': -74.0088620416641}",(212) 777-7702,1233.9738172381717,ypeRKaFOXoO8QuzAmmoPVg,https://s3-media2.fl.yelpcdn.com/bphoto/aq6KpieENnaeCh7QhuGlUQ/o.jpg,False,"{'address1': '10 Hanover Sq', 'address2': '', 'address3': '', 'city': 'New York', 'zip_code': '10005', 'country': 'US', 'state': 'NY', 'display_address': ['10 Hanover Sq', 'New York, NY 10005']}",CompleteBody,+12127777702,$$$,4.0,104,"['delivery', 'pickup']",https://www.yelp.com/biz/completebody-new-york-2?adjust_creative=nrwhBB5NFpHGRybeuXYJeA&utm_campaign=yelp_api_v3&utm_medium=api_v3_business_search&utm_source=nrwhBB5NFpHGRybeuXYJeA
5,slope-fitness-brooklyn,"[{'alias': 'gyms', 'title': 'Gyms'}, {'alias': 'pilates', 'title': 'Pilates'}, {'alias': 'healthtrainers', 'title': 'Trainers'}]","{'latitude': 40.6745128333569, 'longitude': -73.9757162332535}",(718) 783-4343,3783.024381664666,kYtuZxcze6wuh__1zIlpzQ,https://s3-media1.fl.yelpcdn.com/bphoto/yq6I0uFwakMm2QHT3PfpfA/o.jpg,False,"{'address1': '808 Union St', 'address2': '', 'address3': '', 'city': 'Brooklyn', 'zip_code': '11215', 'country': 'US', 'state': 'NY', 'display_address': ['808 Union St', 'Brooklyn, NY 11215']}",Slope Fitness,+17187834343,,4.5,38,[],https://www.yelp.com/biz/slope-fitness-brooklyn?adjust_creative=nrwhBB5NFpHGRybeuXYJeA&utm_campaign=yelp_api_v3&utm_medium=api_v3_business_search&utm_source=nrwhBB5NFpHGRybeuXYJeA
6,frenchies-gym-brooklyn,"[{'alias': 'gyms', 'title': 'Gyms'}, {'alias': 'weightlosscenters', 'title': 'Weight Loss Centers'}, {'alias': 'sports_clubs', 'title': 'Sports Clubs'}]","{'latitude': 40.70841, 'longitude': -73.9575}",(718) 384-9461,3124.02443232872,QL46g-DE8hxZqVGXTS2vtw,https://s3-media2.fl.yelpcdn.com/bphoto/jdvGW3H8oFB4FsJGTqj4sg/o.jpg,False,"{'address1': '303 Broadway', 'address2': '', 'address3': '', 'city': 'Brooklyn', 'zip_code': '11211', 'country': 'US', 'state': 'NY', 'display_address': ['303 Broadway', 'Brooklyn, NY 11211']}",Frenchie's Gym,+17183849461,,5.0,14,[],https://www.yelp.com/biz/frenchies-gym-brooklyn?adjust_creative=nrwhBB5NFpHGRybeuXYJeA&utm_campaign=yelp_api_v3&utm_medium=api_v3_business_search&utm_source=nrwhBB5NFpHGRybeuXYJeA
7,gym-nyc-new-york,"[{'alias': 'gyms', 'title': 'Gyms'}, {'alias': 'healthtrainers', 'title': 'Trainers'}]","{'latitude': 40.722571, 'longitude': -73.9962}",(646) 678-4723,1911.1064841188652,DzlmPGxCg3wRyGJiNoSFow,https://s3-media1.fl.yelpcdn.com/bphoto/5opR6GP8cKUorSdD2HXgfg/o.jpg,False,"{'address1': '227 Mulberry St', 'address2': '', 'address3': None, 'city': 'New York', 'zip_code': '10012', 'country': 'US', 'state': 'NY', 'display_address': ['227 Mulberry St', 'New York, NY 10012']}",GYM NYC,+16466784723,,4.0,22,[],https://www.yelp.com/biz/gym-nyc-new-york?adjust_creative=nrwhBB5NFpHGRybeuXYJeA&utm_campaign=yelp_api_v3&utm_medium=api_v3_business_search&utm_source=nrwhBB5NFpHGRybeuXYJeA
8,absolute-power-fitness-brooklyn-2,"[{'alias': 'gyms', 'title': 'Gyms'}]","{'latitude': 40.71160151431, 'longitude': -73.9429020881653}",(718) 387-4711,4385.510439968887,sNa_0srnUEARgcrGzbvB-g,https://s3-media2.fl.yelpcdn.com/bphoto/9PINlJMQyGWs7djkgxE6Sg/o.jpg,False,"{'address1': '750 Grand St', 'address2': '', 'address3': '', 'city': 'Brooklyn', 'zip_code': '11211', 'country': 'US', 'state': 'NY', 'display_address': ['750 Grand St', 'Brooklyn, NY 11211']}",Absolute Power Fitness,+17183874711,,4.0,104,[],https://www.yelp.com/biz/absolute-power-fitness-brooklyn-2?adjust_creative=nrwhBB5NFpHGRybeuXYJeA&utm_campaign=yelp_api_v3&utm_medium=api_v3_business_search&utm_source=nrwhBB5NFpHGRybeuXYJeA
9,harbor-fitness-brooklyn-3,"[{'alias': 'gyms', 'title': 'Gyms'}, {'alias': 'healthtrainers', 'title': 'Trainers'}, {'alias': 'yoga', 'title': 'Yoga'}]","{'latitude': 40.61766, 'longitude': -74.029998}",(718) 238-9400,10216.580176228745,D9Z60ezXfDUO289h6S4OXQ,https://s3-media3.fl.yelpcdn.com/bphoto/CKeHBjVG-EntKwnBwGzZCA/o.jpg,False,"{'address1': '9215 4th Ave', 'address2': '', 'address3': '', 'city': 'Brooklyn', 'zip_code': '11209', 'country': 'US', 'state': 'NY', 'display_address': ['9215 4th Ave', 'Brooklyn, NY 11209']}",Harbor Fitness,+17182389400,,4.5,91,[],https://www.yelp.com/biz/harbor-fitness-brooklyn-3?adjust_creative=nrwhBB5NFpHGRybeuXYJeA&utm_campaign=yelp_api_v3&utm_medium=api_v3_business_search&utm_source=nrwhBB5NFpHGRybeuXYJeA
10,body-elite-fitness-brooklyn-2,"[{'alias': 'gyms', 'title': 'Gyms'}, {'alias': 'healthtrainers', 'title': 'Trainers'}, {'alias': 'yoga', 'title': 'Yoga'}]","{'latitude': 40.682596, 'longitude': -73.996084}",(718) 935-0088,2545.1569192273496,jUz4Eq36SC_uE6Nv1BiMIQ,https://s3-media1.fl.yelpcdn.com/bphoto/_ITfLoJp73S4bkbuWwm5yA/o.jpg,False,"{'address1': '348 Court St', 'address2': '', 'address3': '', 'city': 'Brooklyn', 'zip_code': '11231', 'country': 'US', 'state': 'NY', 'display_address': ['348 Court St', 'Brooklyn, NY 11231']}",Body Elite Fitness,+17189350088,,4.0,56,[],https://www.yelp.com/biz/body-elite-fitness-brooklyn-2?adjust_creative=nrwhBB5NFpHGRybeuXYJeA&utm_campaign=yelp_api_v3&utm_medium=api_v3_business_search&utm_source=nrwhBB5NFpHGRybeuXYJeA
11,sage-fitness-studios-astoria-2,"[{'alias': 'gyms', 'title': 'Gyms'}]","{'latitude': 40.77375, 'longitude': -73.9131}",(718) 777-1676,10225.560832229194,rFc5Zv2igHfb5Rck2-Do0w,https://s3-media2.fl.yelpcdn.com/bphoto/meKc9ubnk4w4baRO0V7kuQ/o.jpg,False,"{'address1': '23-17 31st St', 'address2': '', 'address3': '', 'city': 'Astoria', 'zip_code': '11105', 'country': 'US', 'state': 'NY', 'display_address': ['23-17 31st St', 'Astoria, NY 11105']}",Sage Fitness Studios,+17187771676,,5.0,49,[],https://www.yelp.com/biz/sage-fitness-studios-astoria-2?adjust_creative=nrwhBB5NFpHGRybeuXYJeA&utm_campaign=yelp_api_v3&utm_medium=api_v3_business_search&utm_source=nrwhBB5NFpHGRybeuXYJeA
12,gotham-gym-new-york,"[{'alias': 'gyms', 'title': 'Gyms'}]","{'latitude': 40.73081, 'longitude': -74.00925}",(646) 490-8500,3074.683500890996,vmhevPOT6au2sRnjdNbWBQ,https://s3-media3.fl.yelpcdn.com/bphoto/kzH_ovcDCurXFfxeKonDwQ/o.jpg,False,"{'address1': '600 Washington St', 'address2': None, 'address3': '', 'city': 'New York', 'zip_code': '10014', 'country': 'US', 'state': 'NY', 'display_address': ['600 Washington St', 'New York, NY 10014']}",Gotham Gym,+16464908500,,4.5,32,[],https://www.yelp.com/biz/gotham-gym-new-york?adjust_creative=nrwhBB5NFpHGRybeuXYJeA&utm_campaign=yelp_api_v3&utm_medium=api_v3_business_search&utm_source=nrwhBB5NFpHGRybeuXYJeA
13,urban-jungle-woodside,"[{'alias': 'gyms', 'title': 'Gyms'}, {'alias': 'healthtrainers', 'title': 'Trainers'}, {'alias': 'bootcamps', 'title': 'Boot Camps'}]","{'latitude': 40.7364700651815, 'longitude': -73.8923370838165}",(877) 765-8645,9258.95711357377,xChemndh4IiTimutQfyeQQ,https://s3-media4.fl.yelpcdn.com/bphoto/tx_HO-LDQXs1VYMSYJV72w/o.jpg,False,"{'address1': '5012 72nd St', 'address2': 'Fl 2', 'address3': '', 'city': 'Woodside', 'zip_code': '11377', 'country': 'US', 'state': 'NY', 'display_address': ['5012 72nd St', 'Fl 2', 'Woodside, NY 11377']}",Urban Jungle,+18777658645,,5.0,59,[],https://www.yelp.com/biz/urban-jungle-woodside?adjust_creative=nrwhBB5NFpHGRybeuXYJeA&utm_campaign=yelp_api_v3&utm_medium=api_v3_business_search&utm_source=nrwhBB5NFpHGRybeuXYJeA
14,phyzique-woodside-2,"[{'alias': 'gyms', 'title': 'Gyms'}, {'alias': 'healthtrainers', 'title': 'Trainers'}]","{'latitude': 40.7440337, 'longitude': -73.9147427}",(718) 507-4228,7959.318090914194,mlIJ4wJjbLf368qsYUZYAg,https://s3-media1.fl.yelpcdn.com/bphoto/XIe4Y10SBo34wxRJu2R53g/o.jpg,False,"{'address1': '43-12 50th St', 'address2': None, 'address3': '', 'city': 'Woodside', 'zip_code': '11377', 'country': 'US', 'state': 'NY', 'display_address': ['43-12 50th St', 'Woodside, NY 11377']}",Phyzique,+17185074228,,4.0,78,[],https://www.yelp.com/biz/phyzique-woodside-2?adjust_creative=nrwhBB5NFpHGRybeuXYJeA&utm_campaign=yelp_api_v3&utm_medium=api_v3_business_search&utm_source=nrwhBB5NFpHGRybeuXYJeA
15,manhattan-athletic-club-brooklyn-brooklyn,"[{'alias': 'gyms', 'title': 'Gyms'}, {'alias': 'pilates', 'title': 'Pilates'}]","{'latitude': 40.69165, 'longitude': -73.985733}",(718) 852-8820,1695.1546080525204,cyaM9MzkPFnyaYJTSqwN3Q,https://s3-media4.fl.yelpcdn.com/bphoto/nsKnkK9Zb1j3N6ieqQYfOg/o.jpg,False,"{'address1': '384 Bridge St', 'address2': '5th FL', 'address3': '', 'city': 'Brooklyn', 'zip_code': '11201', 'country': 'US', 'state': 'NY', 'display_address': ['384 Bridge St', '5th FL', 'Brooklyn, NY 11201']}",Manhattan Athletic Club - Brooklyn,+17188528820,,4.5,14,[],https://www.yelp.com/biz/manhattan-athletic-club-brooklyn-brooklyn?adjust_creative=nrwhBB5NFpHGRybeuXYJeA&utm_campaign=yelp_api_v3&utm_medium=api_v3_business_search&utm_source=nrwhBB5NFpHGRybeuXYJeA
16,club-fitness-astoria,"[{'alias': 'gyms', 'title': 'Gyms'}, {'alias': 'healthtrainers', 'title': 'Trainers'}]","{'latitude': 40.7619132846594, 'longitude': -73.9251451939344}",(718) 545-0004,8581.209258850826,-uAxF-r3Uyd1yJbWM0QPgQ,https://s3-media2.fl.yelpcdn.com/bphoto/JCjlTniZ-CBuLfr6IQ_TCA/o.jpg,False,"{'address1': '31-11 Broadway', 'address2': '', 'address3': '', 'city': 'Astoria', 'zip_code': '11106', 'country': 'US', 'state': 'NY', 'display_address': ['31-11 Broadway', 'Astoria, NY 11106']}",Club Fitness,+17185450004,,3.5,204,[],https://www.yelp.com/biz/club-fitness-astoria?adjust_creative=nrwhBB5NFpHGRybeuXYJeA&utm_campaign=yelp_api_v3&utm_medium=api_v3_business_search&utm_source=nrwhBB5NFpHGRybeuXYJeA
17,big-six-fitness-woodside,"[{'alias': 'gyms', 'title': 'Gyms'}]","{'latitude': 40.74089, 'longitude': -73.9037}",(718) 426-9000,8589.762381842269,WDfNFPBzQyG8eIcp0EEX4A,https://s3-media1.fl.yelpcdn.com/bphoto/TZR8IxvxO0_Q8khpoggijA/o.jpg,False,"{'address1': '61-10 Queens Blvd 2nd', 'address2': '', 'address3': '', 'city': 'Woodside', 'zip_code': '11377', 'country': 'US', 'state': 'NY', 'display_address': ['61-10 Queens Blvd 2nd', 'Woodside, NY 11377']}",Big Six Fitness,+17184269000,,4.0,59,[],https://www.yelp.com/biz/big-six-fitness-woodside?adjust_creative=nrwhBB5NFpHGRybeuXYJeA&utm_campaign=yelp_api_v3&utm_medium=api_v3_business_search&utm_source=nrwhBB5NFpHGRybeuXYJeA
18,richies-gym-brooklyn-3,"[{'alias': 'gyms', 'title': 'Gyms'}]","{'latitude': 40.698703, 'longitude': -73.933639}",(718) 666-4485,5167.63285534296,BhbJPzSKo1ZqktbndgS2ug,https://s3-media3.fl.yelpcdn.com/bphoto/k4jx-t04wUhzkQtH1J9gCw/o.jpg,False,"{'address1': '6 Stanwix St', 'address2': '', 'address3': '', 'city': 'Brooklyn', 'zip_code': '11206', 'country': 'US', 'state': 'NY', 'display_address': ['6 Stanwix St', 'Brooklyn, NY 11206']}",Richie's Gym,+17186664485,,4.0,50,[],https://www.yelp.com/biz/richies-gym-brooklyn-3?adjust_creative=nrwhBB5NFpHGRybeuXYJeA&utm_campaign=yelp_api_v3&utm_medium=api_v3_business_search&utm_source=nrwhBB5NFpHGRybeuXYJeA
19,bowery-crossfit-new-york,"[{'alias': 'intervaltraininggyms', 'title': 'Interval Training Gyms'}]","{'latitude': 40.7176199, 'longitude': -73.99249}",(516) 725-5032,1348.6324758108813,UR4cr_OXx5wl-I6hNqr_SA,https://s3-media4.fl.yelpcdn.com/bphoto/4JfxQUmENrF5X0WycpoBvA/o.jpg,False,"{'address1': '285 Grand St', 'address2': None, 'address3': '', 'city': 'New York', 'zip_code': '10002', 'country': 'US', 'state': 'NY', 'display_address': ['285 Grand St', 'New York, NY 10002']}",Bowery CrossFit,+15167255032,,5.0,37,[],https://www.yelp.com/biz/bowery-crossfit-new-york?adjust_creative=nrwhBB5NFpHGRybeuXYJeA&utm_campaign=yelp_api_v3&utm_medium=api_v3_business_search&utm_source=nrwhBB5NFpHGRybeuXYJeA
20,elite-gym-brooklyn,"[{'alias': 'intervaltraininggyms', 'title': 'Interval Training Gyms'}]","{'latitude': 40.6382163025655, 'longitude': -73.9689479993584}",(347) 529-7489,7775.062214918583,h9a4ncyrFUtvZ_oqatExMQ,https://s3-media1.fl.yelpcdn.com/bphoto/9PpI6GXMLtt32ri3-r5FHw/o.jpg,False,"{'address1': '782 Coney Island Ave', 'address2': None, 'address3': None, 'city': 'Brooklyn', 'zip_code': '11218', 'country': 'US', 'state': 'NY', 'display_address': ['782 Coney Island Ave', 'Brooklyn, NY 11218']}",Elite Gym,+13475297489,,4.0,15,[],https://www.yelp.com/biz/elite-gym-brooklyn?adjust_creative=nrwhBB5NFpHGRybeuXYJeA&utm_campaign=yelp_api_v3&utm_medium=api_v3_business_search&utm_source=nrwhBB5NFpHGRybeuXYJeA
21,chelsea-piers-fitness-manhattan-new-york,"[{'alias': 'gyms', 'title': 'Gyms'}, {'alias': 'swimmingpools', 'title': 'Swimming Pools'}, {'alias': 'sports_clubs', 'title': 'Sports Clubs'}]","{'latitude': 40.7464847863704, 'longitude': -74.0092921257019}",(212) 336-6000,4735.225632863581,YMceMR-Hk_Vq5vbUGoetrQ,https://s3-media1.fl.yelpcdn.com/bphoto/ryHn4_WQ_JnbcsP36P6lIw/o.jpg,False,"{'address1': '60 Chelsea Piers', 'address2': '', 'address3': '', 'city': 'New York', 'zip_code': '10011', 'country': 'US', 'state': 'NY', 'display_address': ['60 Chelsea Piers', 'New York, NY 10011']}",Chelsea Piers Fitness,+12123366000,,4.5,155,[],https://www.yelp.com/biz/chelsea-piers-fitness-manhattan-new-york?adjust_creative=nrwhBB5NFpHGRybeuXYJeA&utm_campaign=yelp_api_v3&utm_medium=api_v3_business_search&utm_source=nrwhBB5NFpHGRybeuXYJeA
22,befitnyc-new-york,"[{'alias': 'healthtrainers', 'title': 'Trainers'}, {'alias': 'gyms', 'title': 'Gyms'}, {'alias': 'cardioclasses', 'title': 'Cardio Classes'}]","{'latitude': 40.799915, 'longitude': -73.967651}",(646) 666-0978,10742.587400820526,oAwyvQiSWGoGY9ksh4yQRw,https://s3-media2.fl.yelpcdn.com/bphoto/vHNoppd606cQ05CnF6Eugg/o.jpg,False,"{'address1': '2726 Broadway', 'address2': 'Fl 2', 'address3': '', 'city': 'New York', 'zip_code': '10025', 'country': 'US', 'state': 'NY', 'display_address': ['2726 Broadway', 'Fl 2', 'New York, NY 10025']}",befitnyc,+16466660978,,4.5,24,[],https://www.yelp.com/biz/befitnyc-new-york?adjust_creative=nrwhBB5NFpHGRybeuXYJeA&utm_campaign=yelp_api_v3&utm_medium=api_v3_business_search&utm_source=nrwhBB5NFpHGRybeuXYJeA
23,fitness-gallery-brooklyn,"[{'alias': 'healthtrainers', 'title': 'Trainers'}, {'alias': 'intervaltraininggyms', 'title': 'Interval Training Gyms'}]","{'latitude': 40.5954036, 'longitude': -73.9545082}",(718) 676-2144,12688.005510519086,EvEr9uDvg8hUQ5k86alH9g,https://s3-media2.fl.yelpcdn.com/bphoto/7XE2srrUKY0HbZ0ujkRz7w/o.jpg,False,"{'address1': '1601 Gravesend Neck Rd', 'address2': 'Fl 2', 'address3': None, 'city': 'Brooklyn', 'zip_code': '11229', 'country': 'US', 'state': 'NY', 'display_address': ['1601 Gravesend Neck Rd', 'Fl 2', 'Brooklyn, NY 11229']}",Fitness Gallery,+17186762144,,4.5,20,[],https://www.yelp.com/biz/fitness-gallery-brooklyn?adjust_creative=nrwhBB5NFpHGRybeuXYJeA&utm_campaign=yelp_api_v3&utm_medium=api_v3_business_search&utm_source=nrwhBB5NFpHGRybeuXYJeA
24,base-jersey-city,"[{'alias': 'gyms', 'title': 'Gyms'}, {'alias': 'bootcamps', 'title': 'Boot Camps'}, {'alias': 'yoga', 'title': 'Yoga'}]","{'latitude': 40.719026774168, 'longitude': -74.0411721915007}",(201) 332-2866,4088.993401600293,M_6BIcBpJkMw_ctQa203-A,https://s3-media1.fl.yelpcdn.com/bphoto/aoy9drAMxQH9ayCGL-AeBA/o.jpg,False,"{'address1': '60 Christopher Columbus Dr', 'address2': None, 'address3': '', 'city': 'Jersey City', 'zip_code': '07302', 'country': 'US', 'state': 'NJ', 'display_address': ['60 Christopher Columbus Dr', 'Jersey City, NJ 07302']}",Base,+12013322866,,4.0,114,[],https://www.yelp.com/biz/base-jersey-city?adjust_creative=nrwhBB5NFpHGRybeuXYJeA&utm_campaign=yelp_api_v3&utm_medium=api_v3_business_search&utm_source=nrwhBB5NFpHGRybeuXYJeA
25,greys-gym-brooklyn,"[{'alias': 'gyms', 'title': 'Gyms'}]","{'latitude': 40.688114, 'longitude': -73.965438}",(929) 295-9797,3105.920091240061,5-lxpusTcL7mDzYAgzme2Q,https://s3-media1.fl.yelpcdn.com/bphoto/9tHBxaAnfX5qdSLOLnU2rw/o.jpg,False,"{'address1': '351 Washington Ave', 'address2': '', 'address3': '', 'city': 'Brooklyn', 'zip_code': '11238', 'country': 'US', 'state': 'NY', 'display_address': ['351 Washington Ave', 'Brooklyn, NY 11238']}",Greys Gym,+19292959797,,4.5,7,[],https://www.yelp.com/biz/greys-gym-brooklyn?adjust_creative=nrwhBB5NFpHGRybeuXYJeA&utm_campaign=yelp_api_v3&utm_medium=api_v3_business_search&utm_source=nrwhBB5NFpHGRybeuXYJeA
26,new-york-underground-fitness-new-york,"[{'alias': 'healthtrainers', 'title': 'Trainers'}]","{'latitude': 40.76845, 'longitude': -73.9873999}",(212) 957-4781,7026.779843194248,7Z5rID_xwYPRO7m7NjiVLw,https://s3-media2.fl.yelpcdn.com/bphoto/gHPu_HkgftaL2IbAfBj04w/o.jpg,False,"{'address1': '440 W 57th St', 'address2': '', 'address3': '', 'city': 'New York', 'zip_code': '10019', 'country': 'US', 'state': 'NY', 'display_address': ['440 W 57th St', 'New York, NY 10019']}",New York Underground Fitness,+12129574781,,5.0,15,[],https://www.yelp.com/biz/new-york-underground-fitness-new-york?adjust_creative=nrwhBB5NFpHGRybeuXYJeA&utm_campaign=yelp_api_v3&utm_medium=api_v3_business_search&utm_source=nrwhBB5NFpHGRybeuXYJeA
27,the-training-lab-new-york,"[{'alias': 'gyms', 'title': 'Gyms'}]","{'latitude': 40.75079, 'longitude': -73.9848}",(212) 736-5400,5115.857572417781,qoR3W44r2hjAF7nGb2GFNw,https://s3-media1.fl.yelpcdn.com/bphoto/hF35HDiuMKz56vedgatvAA/o.jpg,False,"{'address1': '28 W 37th St', 'address2': None, 'address3': '', 'city': 'New York', 'zip_code': '10018', 'country': 'US', 'state': 'NY', 'display_address': ['28 W 37th St', 'New York, NY 10018']}",The Training Lab,+12127365400,,5.0,37,[],https://www.yelp.com/biz/the-training-lab-new-york?adjust_creative=nrwhBB5NFpHGRybeuXYJeA&utm_campaign=yelp_api_v3&utm_medium=api_v3_business_search&utm_source=nrwhBB5NFpHGRybeuXYJeA
28,hit-factory-brooklyn-brooklyn,"[{'alias': 'martialarts', 'title': 'Martial Arts'}, {'alias': 'cyclingclasses', 'title': 'Cycling Classes'}, {'alias': 'gyms', 'title': 'Gyms'}]","{'latitude': 40.628189, 'longitude': -74.029441}",(718) 833-9000,9081.017277763944,OByVfWSCLevMPA3iKwMQbw,https://s3-media4.fl.yelpcdn.com/bphoto/HbIfDPTNk2HM2W6KzOatIg/o.jpg,False,"{'address1': '7914 3rd Ave', 'address2': 'Fl 2', 'address3': '', 'city': 'Brooklyn', 'zip_code': '11209', 'country': 'US', 'state': 'NY', 'display_address': ['7914 3rd Ave', 'Fl 2', 'Brooklyn, NY 11209']}",Hit Factory Brooklyn,+17188339000,,5.0,13,[],https://www.yelp.com/biz/hit-factory-brooklyn-brooklyn?adjust_creative=nrwhBB5NFpHGRybeuXYJeA&utm_campaign=yelp_api_v3&utm_medium=api_v3_business_search&utm_source=nrwhBB5NFpHGRybeuXYJeA
29,blink-fitness-boerum-hill-brooklyn,"[{'alias': 'gyms', 'title': 'Gyms'}, {'alias': 'healthtrainers', 'title': 'Trainers'}]","{'latitude': 40.688749, 'longitude': -73.990533}",(347) 991-8701,1883.3634489486992,Nv_FGjrROj3RdCwYrIV_MQ,https://s3-media3.fl.yelpcdn.com/bphoto/2Qx85K2YMHjk1-MgM38uxA/o.jpg,False,"{'address1': '252 Atlantic Ave', 'address2': '', 'address3': '', 'city': 'Brooklyn', 'zip_code': '11201', 'country': 'US', 'state': 'NY', 'display_address': ['252 Atlantic Ave', 'Brooklyn, NY 11201']}",Blink Fitness - Boerum Hill,+13479918701,,3.5,58,[],https://www.yelp.com/biz/blink-fitness-boerum-hill-brooklyn?adjust_creative=nrwhBB5NFpHGRybeuXYJeA&utm_campaign=yelp_api_v3&utm_medium=api_v3_business_search&utm_source=nrwhBB5NFpHGRybeuXYJeA
30,crunch-fitness-fidi-new-york,"[{'alias': 'gyms', 'title': 'Gyms'}, {'alias': 'yoga', 'title': 'Yoga'}, {'alias': 'healthtrainers', 'title': 'Trainers'}]","{'latitude': 40.70865, 'longitude': -74.01011}",(212) 308-5824,1378.9107750575292,Xpi_GKjAuZsJbZfP4S9Fmw,https://s3-media2.fl.yelpcdn.com/bphoto/Pp-o7PvkdpbPed7_hcBHcg/o.jpg,False,"{'address1': '140 Broadway', 'address2': '', 'address3': None, 'city': 'New York', 'zip_code': '10005', 'country': 'US', 'state': 'NY', 'display_address': ['140 Broadway', 'New York, NY 10005']}",Crunch Fitness - FiDi,+12123085824,,4.0,21,[],https://www.yelp.com/biz/crunch-fitness-fidi-new-york?adjust_creative=nrwhBB5NFpHGRybeuXYJeA&utm_campaign=yelp_api_v3&utm_medium=api_v3_business_search&utm_source=nrwhBB5NFpHGRybeuXYJeA
31,encore-fitness-new-york,"[{'alias': 'healthtrainers', 'title': 'Trainers'}, {'alias': 'gyms', 'title': 'Gyms'}]","{'latitude': 40.7398373481236, 'longitude': -73.9851167052984}",(845) 853-3166,3901.6705758995613,syK3qJ-zv9AKf6v2meLCQA,https://s3-media4.fl.yelpcdn.com/bphoto/m4lHURlyAKeUolsi-EM2VQ/o.jpg,False,"{'address1': '137 5th Ave', 'address2': '#10r', 'address3': None, 'city': 'New York', 'zip_code': '10010', 'country': 'US', 'state': 'NY', 'display_address': ['137 5th Ave', '#10r', 'New York, NY 10010']}",Encore Fitness,+18458533166,,5.0,7,[],https://www.yelp.com/biz/encore-fitness-new-york?adjust_creative=nrwhBB5NFpHGRybeuXYJeA&utm_campaign=yelp_api_v3&utm_medium=api_v3_business_search&utm_source=nrwhBB5NFpHGRybeuXYJeA
32,alana-life-and-fitness-brooklyn,"[{'alias': 'gyms', 'title': 'Gyms'}, {'alias': 'pilates', 'title': 'Pilates'}, {'alias': 'yoga', 'title': 'Yoga'}]","{'latitude': 40.6207182, 'longitude': -74.0252788}",(718) 748-7700,9776.962162626014,QpB1t7C8hp0xLfyOVD_mMw,https://s3-media4.fl.yelpcdn.com/bphoto/4tSonazUyiK-8WG6YpF5_A/o.jpg,False,"{'address1': '530 86th St', 'address2': '', 'address3': 'Fl 3 Loft', 'city': 'Brooklyn', 'zip_code': '11209', 'country': 'US', 'state': 'NY', 'display_address': ['530 86th St', 'Fl 3 Loft', 'Brooklyn, NY 11209']}",Alana Life & Fitness,+17187487700,,4.0,36,[],https://www.yelp.com/biz/alana-life-and-fitness-brooklyn?adjust_creative=nrwhBB5NFpHGRybeuXYJeA&utm_campaign=yelp_api_v3&utm_medium=api_v3_business_search&utm_source=nrwhBB5NFpHGRybeuXYJeA
33,poseidon-athletics-queens-2,"[{'alias': 'gyms', 'title': 'Gyms'}, {'alias': 'sports_clubs', 'title': 'Sports Clubs'}, {'alias': 'healthtrainers', 'title': 'Trainers'}]","{'latitude': 40.756715, 'longitude': -73.941845}",(917) 749-9782,7212.816664163537,68kLlsxRfOU6NVZ7YO7ggw,https://s3-media4.fl.yelpcdn.com/bphoto/1-4IndQdxrDHwD9_VFfVRg/o.jpg,False,"{'address1': '3853 12th St', 'address2': None, 'address3': '', 'city': 'Queens', 'zip_code': '11101', 'country': 'US', 'state': 'NY', 'display_address': ['3853 12th St', 'Queens, NY 11101']}",Poseidon Athletics,+19177499782,,5.0,11,[],https://www.yelp.com/biz/poseidon-athletics-queens-2?adjust_creative=nrwhBB5NFpHGRybeuXYJeA&utm_campaign=yelp_api_v3&utm_medium=api_v3_business_search&utm_source=nrwhBB5NFpHGRybeuXYJeA
34,bodhi-fitness-center-flushing,"[{'alias': 'gyms', 'title': 'Gyms'}, {'alias': 'yoga', 'title': 'Yoga'}, {'alias': 'pilates', 'title': 'Pilates'}]","{'latitude': 40.76372, 'longitude': -73.83292}",(718) 321-1100,15048.704552698617,H-z-cYOrugvj5IjDkTswqw,https://s3-media1.fl.yelpcdn.com/bphoto/4hHLS_sIvC2NuJkxQpposw/o.jpg,False,"{'address1': '35-11 Prince St', 'address2': '', 'address3': '', 'city': 'Flushing', 'zip_code': '11354', 'country': 'US', 'state': 'NY', 'display_address': ['35-11 Prince St', 'Flushing, NY 11354']}",Bodhi Fitness Center,+17183211100,,4.0,82,[],https://www.yelp.com/biz/bodhi-fitness-center-flushing?adjust_creative=nrwhBB5NFpHGRybeuXYJeA&utm_campaign=yelp_api_v3&utm_medium=api_v3_business_search&utm_source=nrwhBB5NFpHGRybeuXYJeA
35,sweatbox-brooklyn-brooklyn,"[{'alias': 'boxing', 'title': 'Boxing'}, {'alias': 'gyms', 'title': 'Gyms'}, {'alias': 'healthtrainers', 'title': 'Trainers'}]","{'latitude': 40.6510467529297, 'longitude': -74.0135498046875}",(718) 576-3028,6269.474497805562,Lszm-geabdAL5iLiVSXUnw,https://s3-media4.fl.yelpcdn.com/bphoto/J5XOsUsVxEUdgbULgP7hlw/o.jpg,False,"{'address1': '229 46th St', 'address2': None, 'address3': '', 'city': 'Brooklyn', 'zip_code': '11220', 'country': 'US', 'state': 'NY', 'display_address': ['229 46th St', 'Brooklyn, NY 11220']}",Sweatbox Brooklyn,+17185763028,,5.0,10,[],https://www.yelp.com/biz/sweatbox-brooklyn-brooklyn?adjust_creative=nrwhBB5NFpHGRybeuXYJeA&utm_campaign=yelp_api_v3&utm_medium=api_v3_business_search&utm_source=nrwhBB5NFpHGRybeuXYJeA
36,just-train-new-york,"[{'alias': 'healthtrainers', 'title': 'Trainers'}]","{'latitude': 40.7096146, 'longitude': -74.0095769}",(212) 920-7739,1369.173126745893,2rTsFlLLoVVsaEZ71IdFLw,https://s3-media2.fl.yelpcdn.com/bphoto/_IW-cR8tI6ANmwtuVNVB1Q/o.jpg,False,"{'address1': '6 Maiden Ln', 'address2': 'Fl 2', 'address3': '', 'city': 'New York', 'zip_code': '10038', 'country': 'US', 'state': 'NY', 'display_address': ['6 Maiden Ln', 'Fl 2', 'New York, NY 10038']}",Just Train,+12129207739,,5.0,38,[],https://www.yelp.com/biz/just-train-new-york?adjust_creative=nrwhBB5NFpHGRybeuXYJeA&utm_campaign=yelp_api_v3&utm_medium=api_v3_business_search&utm_source=nrwhBB5NFpHGRybeuXYJeA
37,equinox-dumbo-brooklyn,"[{'alias': 'gyms', 'title': 'Gyms'}, {'alias': 'sports_clubs', 'title': 'Sports Clubs'}, {'alias': 'spas', 'title': 'Day Spas'}]","{'latitude': 40.70259, 'longitude': -73.98885}",(347) 435-2341,554.7023903105653,0zY166hVI5Z5SqcPL3tfIA,https://s3-media4.fl.yelpcdn.com/bphoto/fJujXPRbTMosaoj6-mfnJQ/o.jpg,False,"{'address1': '117 Front St', 'address2': '', 'address3': None, 'city': 'Brooklyn', 'zip_code': '11201', 'country': 'US', 'state': 'NY', 'display_address': ['117 Front St', 'Brooklyn, NY 11201']}",Equinox Dumbo,+13474352341,$$$$,3.5,16,[],https://www.yelp.com/biz/equinox-dumbo-brooklyn?adjust_creative=nrwhBB5NFpHGRybeuXYJeA&utm_campaign=yelp_api_v3&utm_medium=api_v3_business_search&utm_source=nrwhBB5NFpHGRybeuXYJeA
38,mid-city-gym-new-york-2,"[{'alias': 'gyms', 'title': 'Gyms'}]","{'latitude': 40.75817, 'longitude': -73.99158}",(212) 757-0850,5879.127184374843,XcXp5331qdt_QmdkiMRW3w,https://s3-media1.fl.yelpcdn.com/bphoto/OdIiU5AW5B0GFORHq1t1RQ/o.jpg,False,"{'address1': '345 W 42nd St', 'address2': '', 'address3': '', 'city': 'New York', 'zip_code': '10036', 'country': 'US', 'state': 'NY', 'display_address': ['345 W 42nd St', 'New York, NY 10036']}",Mid City Gym,+12127570850,,4.0,153,[],https://www.yelp.com/biz/mid-city-gym-new-york-2?adjust_creative=nrwhBB5NFpHGRybeuXYJeA&utm_campaign=yelp_api_v3&utm_medium=api_v3_business_search&utm_source=nrwhBB5NFpHGRybeuXYJeA
39,gores-core-fitness-new-york,"[{'alias': 'healthtrainers', 'title': 'Trainers'}, {'alias': 'gyms', 'title': 'Gyms'}, {'alias': 'yoga', 'title': 'Yoga'}]","{'latitude': 40.73107, 'longitude': -74.00927}",(831) 917-3032,3127.64053529663,SU5xh7FWOHyptU6DacPyOA,https://s3-media1.fl.yelpcdn.com/bphoto/FfIEWBEkgavfznxXkvqz2g/o.jpg,False,"{'address1': '100 Morton St', 'address2': '', 'address3': '', 'city': 'New York', 'zip_code': '10014', 'country': 'US', 'state': 'NY', 'display_address': ['100 Morton St', 'New York, NY 10014']}",Gore's Core Fitness,+18319173032,,5.0,8,[],https://www.yelp.com/biz/gores-core-fitness-new-york?adjust_creative=nrwhBB5NFpHGRybeuXYJeA&utm_campaign=yelp_api_v3&utm_medium=api_v3_business_search&utm_source=nrwhBB5NFpHGRybeuXYJeA
40,nimble-fitness-new-york,"[{'alias': 'gyms', 'title': 'Gyms'}, {'alias': 'healthtrainers', 'title': 'Trainers'}]","{'latitude': 40.7333601, 'longitude': -73.9919568}",(212) 633-9030,3110.26813246774,o4qhN4AmM7TOGJh6ARSTKg,https://s3-media1.fl.yelpcdn.com/bphoto/LO4FKkzEd2ltyLR63Inz1Q/o.jpg,False,"{'address1': '42 E 12th St', 'address2': '', 'address3': '', 'city': 'New York', 'zip_code': '10003', 'country': 'US', 'state': 'NY', 'display_address': ['42 E 12th St', 'New York, NY 10003']}",Nimble Fitness,+12126339030,,4.5,26,[],https://www.yelp.com/biz/nimble-fitness-new-york?adjust_creative=nrwhBB5NFpHGRybeuXYJeA&utm_campaign=yelp_api_v3&utm_medium=api_v3_business_search&utm_source=nrwhBB5NFpHGRybeuXYJeA
41,club-metro-usa-jersey-city-2,"[{'alias': 'gyms', 'title': 'Gyms'}, {'alias': 'cyclingclasses', 'title': 'Cycling Classes'}, {'alias': 'yoga', 'title': 'Yoga'}]","{'latitude': 40.72693, 'longitude': -74.03559}",(201) 451-1911,4274.837107431517,OnP7Oj26mp3KQXfjRhxhbg,https://s3-media1.fl.yelpcdn.com/bphoto/9lFcmS4phnqSdKnuC0L_SA/o.jpg,False,"{'address1': '525 Washington Blvd', 'address2': None, 'address3': '', 'city': 'Jersey City', 'zip_code': '07310', 'country': 'US', 'state': 'NJ', 'display_address': ['525 Washington Blvd', 'Jersey City, NJ 07310']}",Club Metro USA,+12014511911,,4.0,108,[],https://www.yelp.com/biz/club-metro-usa-jersey-city-2?adjust_creative=nrwhBB5NFpHGRybeuXYJeA&utm_campaign=yelp_api_v3&utm_medium=api_v3_business_search&utm_source=nrwhBB5NFpHGRybeuXYJeA
42,mercedes-club-new-york-2,"[{'alias': 'gyms', 'title': 'Gyms'}, {'alias': 'massage', 'title': 'Massage'}, {'alias': 'healthtrainers', 'title': 'Trainers'}]","{'latitude': 40.7676786952469, 'longitude': -73.9915698797362}",(212) 265-1111,6923.881566919645,Mlo8UphMkoy9XMWHVgZsgA,https://s3-media3.fl.yelpcdn.com/bphoto/Cu0VHxz0nJMj5fQyn7DDAg/o.jpg,False,"{'address1': '550 W 54th St', 'address2': None, 'address3': '', 'city': 'New York', 'zip_code': '10019', 'country': 'US', 'state': 'NY', 'display_address': ['550 W 54th St', 'New York, NY 10019']}",Mercedes Club,+12122651111,$$$,4.0,135,[],https://www.yelp.com/biz/mercedes-club-new-york-2?adjust_creative=nrwhBB5NFpHGRybeuXYJeA&utm_campaign=yelp_api_v3&utm_medium=api_v3_business_search&utm_source=nrwhBB5NFpHGRybeuXYJeA
43,crunch-fitness-tribeca-new-york,"[{'alias': 'gyms', 'title': 'Gyms'}, {'alias': 'healthtrainers', 'title': 'Trainers'}, {'alias': 'yoga', 'title': 'Yoga'}]","{'latitude': 40.7171949, 'longitude': -74.005129}",(212) 966-5432,1594.1097781199257,2IF7k2WxxnX50zdqLCOC7A,https://s3-media3.fl.yelpcdn.com/bphoto/w5C0PCJCfgG9nbYSVMeW_A/o.jpg,False,"{'address1': '80 Leonard St', 'address2': '', 'address3': '', 'city': 'New York', 'zip_code': '10013', 'country': 'US', 'state': 'NY', 'display_address': ['80 Leonard St', 'New York, NY 10013']}",Crunch Fitness - Tribeca,+12129665432,,4.0,57,[],https://www.yelp.com/biz/crunch-fitness-tribeca-new-york?adjust_creative=nrwhBB5NFpHGRybeuXYJeA&utm_campaign=yelp_api_v3&utm_medium=api_v3_business_search&utm_source=nrwhBB5NFpHGRybeuXYJeA
44,health-and-fitness-annex-manhattan,"[{'alias': 'gyms', 'title': 'Gyms'}, {'alias': 'healthtrainers', 'title': 'Trainers'}]","{'latitude': 40.72802, 'longitude': -73.98239}",(347) 526-3965,2716.6499860590725,PmcXx7AX2F9ifD1ndUCD9A,https://s3-media2.fl.yelpcdn.com/bphoto/9HHF9fu2DQrxJgQ4cdJa0w/o.jpg,False,"{'address1': '287 E 10th St', 'address2': None, 'address3': '', 'city': 'Manhattan', 'zip_code': '10009', 'country': 'US', 'state': 'NY', 'display_address': ['287 E 10th St', 'Manhattan, NY 10009']}",Health and Fitness Annex,+13475263965,,5.0,5,[],https://www.yelp.com/biz/health-and-fitness-annex-manhattan?adjust_creative=nrwhBB5NFpHGRybeuXYJeA&utm_campaign=yelp_api_v3&utm_medium=api_v3_business_search&utm_source=nrwhBB5NFpHGRybeuXYJeA
45,beyond-movement-fitness-long-island-city,"[{'alias': 'healthtrainers', 'title': 'Trainers'}, {'alias': 'bootcamps', 'title': 'Boot Camps'}, {'alias': 'gyms', 'title': 'Gyms'}]","{'latitude': 40.747058, 'longitude': -73.954803}",(347) 612-4342,5686.603302807843,jaSgJPjU6KCJvqGKvqQlQQ,https://s3-media2.fl.yelpcdn.com/bphoto/fMivXgxSrXllJGI4vQcAWw/o.jpg,False,"{'address1': '46-01 5th St', 'address2': '', 'address3': '', 'city': 'Long Island City', 'zip_code': '11101', 'country': 'US', 'state': 'NY', 'display_address': ['46-01 5th St', 'Long Island City, NY 11101']}",Beyond Movement Fitness,+13476124342,,5.0,78,[],https://www.yelp.com/biz/beyond-movement-fitness-long-island-city?adjust_creative=nrwhBB5NFpHGRybeuXYJeA&utm_campaign=yelp_api_v3&utm_medium=api_v3_business_search&utm_source=nrwhBB5NFpHGRybeuXYJeA
46,gleasons-gym-brooklyn-7,"[{'alias': 'gyms', 'title': 'Gyms'}, {'alias': 'boxing', 'title': 'Boxing'}, {'alias': 'healthtrainers', 'title': 'Trainers'}]","{'latitude': 40.7030527, 'longitude': -73.9887299}",(718) 797-2872,523.8829193364855,WzFLaf_59vDo-5P1Xyn3-A,https://s3-media3.fl.yelpcdn.com/bphoto/HVlDheU0-Vqrv9bhNqyIyw/o.jpg,False,"{'address1': '130 Water St', 'address2': '', 'address3': '', 'city': 'Brooklyn', 'zip_code': '11201', 'country': 'US', 'state': 'NY', 'display_address': ['130 Water St', 'Brooklyn, NY 11201']}",Gleason's Gym,+17187972872,,4.5,21,[],https://www.yelp.com/biz/gleasons-gym-brooklyn-7?adjust_creative=nrwhBB5NFpHGRybeuXYJeA&utm_campaign=yelp_api_v3&utm_medium=api_v3_business_search&utm_source=nrwhBB5NFpHGRybeuXYJeA
47,jdi-barbell-new-york,"[{'alias': 'healthtrainers', 'title': 'Trainers'}, {'alias': 'gyms', 'title': 'Gyms'}]","{'latitude': 40.7505200799087, 'longitude': -73.9457367344008}",(917) 819-5017,6466.743559650487,8OHSvgCMyf2-MWVyLHnrgA,https://s3-media4.fl.yelpcdn.com/bphoto/gBKPS7S-6yMtaOUMoUQVHQ/o.jpg,False,"{'address1': '43-01 21st St', 'address2': '', 'address3': '', 'city': 'New York', 'zip_code': '11101', 'country': 'US', 'state': 'NY', 'display_address': ['43-01 21st St', 'New York, NY 11101']}",JDI Barbell,+19178195017,,4.5,15,[],https://www.yelp.com/biz/jdi-barbell-new-york?adjust_creative=nrwhBB5NFpHGRybeuXYJeA&utm_campaign=yelp_api_v3&utm_medium=api_v3_business_search&utm_source=nrwhBB5NFpHGRybeuXYJeA
48,liberated-fitness-new-york,"[{'alias': 'gyms', 'title': 'Gyms'}]","{'latitude': 40.8013887, 'longitude': -73.9611277}",(857) 891-6133,11027.214436139093,B9hepOn0_ZN2YMuShBP-Tw,https://s3-media1.fl.yelpcdn.com/bphoto/u8irLYSuIsSUcgJ_ljPdMA/o.jpg,False,"{'address1': '1005 Columbus Ave', 'address2': '', 'address3': '', 'city': 'New York', 'zip_code': '10025', 'country': 'US', 'state': 'NY', 'display_address': ['1005 Columbus Ave', 'New York, NY 10025']}",Liberated Fitness,+18578916133,,4.5,15,[],https://www.yelp.com/biz/liberated-fitness-new-york?adjust_creative=nrwhBB5NFpHGRybeuXYJeA&utm_campaign=yelp_api_v3&utm_medium=api_v3_business_search&utm_source=nrwhBB5NFpHGRybeuXYJeA
49,completebody-new-york,"[{'alias': 'gyms', 'title': 'Gyms'}, {'alias': 'swimmingpools', 'title': 'Swimming Pools'}]","{'latitude': 40.7593798, 'longitude': -73.9646707}",(212) 777-7703,6495.947735793086,VmL-dn0-HY5fqr_cxIlMPQ,https://s3-media1.fl.yelpcdn.com/bphoto/-ylHGp9LJRsANC4TTjK7XQ/o.jpg,False,"{'address1': '301 E 57th St', 'address2': '', 'address3': '', 'city': 'New York', 'zip_code': '10022', 'country': 'US', 'state': 'NY', 'display_address': ['301 E 57th St', 'New York, NY 10022']}",CompleteBody,+12127777703,,4.0,38,[],https://www.yelp.com/biz/completebody-new-york?adjust_creative=nrwhBB5NFpHGRybeuXYJeA&utm_campaign=yelp_api_v3&utm_medium=api_v3_business_search&utm_source=nrwhBB5NFpHGRybeuXYJeA
